-- MySQL dump 10.13  Distrib 5.5.42, for Linux (x86_64)
--
-- Host: localhost    Database: snappyguests_production
-- ------------------------------------------------------
-- Server version	5.5.42-log

/*!40101 SET @OLD_CHARACTER_SET_CLIENT=@@CHARACTER_SET_CLIENT */;
/*!40101 SET @OLD_CHARACTER_SET_RESULTS=@@CHARACTER_SET_RESULTS */;
/*!40101 SET @OLD_COLLATION_CONNECTION=@@COLLATION_CONNECTION */;
/*!40101 SET NAMES utf8 */;
/*!40103 SET @OLD_TIME_ZONE=@@TIME_ZONE */;
/*!40103 SET TIME_ZONE='+00:00' */;
/*!40014 SET @OLD_UNIQUE_CHECKS=@@UNIQUE_CHECKS, UNIQUE_CHECKS=0 */;
/*!40014 SET @OLD_FOREIGN_KEY_CHECKS=@@FOREIGN_KEY_CHECKS, FOREIGN_KEY_CHECKS=0 */;
/*!40101 SET @OLD_SQL_MODE=@@SQL_MODE, SQL_MODE='NO_AUTO_VALUE_ON_ZERO' */;
/*!40111 SET @OLD_SQL_NOTES=@@SQL_NOTES, SQL_NOTES=0 */;

--
-- Table structure for table `events`
--

DROP TABLE IF EXISTS `events`;
/*!40101 SET @saved_cs_client     = @@character_set_client */;
/*!40101 SET character_set_client = utf8 */;
CREATE TABLE `events` (
  `id` int(11) NOT NULL AUTO_INCREMENT,
  `title` varchar(255) COLLATE utf8_unicode_ci DEFAULT NULL,
  `code` varchar(255) COLLATE utf8_unicode_ci DEFAULT NULL,
  `start_date` date DEFAULT NULL,
  `end_date` date DEFAULT NULL,
  `latitude` float DEFAULT NULL,
  `longitude` float DEFAULT NULL,
  `status` varchar(255) COLLATE utf8_unicode_ci DEFAULT 'Inactive',
  `created_at` datetime NOT NULL,
  `updated_at` datetime NOT NULL,
  `uuid` varchar(255) COLLATE utf8_unicode_ci NOT NULL,
  PRIMARY KEY (`id`)
) ENGINE=InnoDB AUTO_INCREMENT=3 DEFAULT CHARSET=utf8 COLLATE=utf8_unicode_ci;
/*!40101 SET character_set_client = @saved_cs_client */;

--
-- Dumping data for table `events`
--

LOCK TABLES `events` WRITE;
/*!40000 ALTER TABLE `events` DISABLE KEYS */;
INSERT INTO `events` VALUES (1,'Fiona & John','SUNSHINE','2015-08-12','2015-08-21',NULL,NULL,'Active','2015-08-12 22:48:50','2015-08-15 18:12:29','39094e40-2372-0133-94d7-0abe725e9441'),(2,'Testing','TEST','2015-08-12','2015-08-12',NULL,NULL,'Active','2015-08-12 23:42:17','2015-08-12 23:42:17','b0d0cef0-2379-0133-94d8-0abe725e9441');
/*!40000 ALTER TABLE `events` ENABLE KEYS */;
UNLOCK TABLES;

--
-- Table structure for table `messages`
--

DROP TABLE IF EXISTS `messages`;
/*!40101 SET @saved_cs_client     = @@character_set_client */;
/*!40101 SET character_set_client = utf8 */;
CREATE TABLE `messages` (
  `id` int(11) NOT NULL AUTO_INCREMENT,
  `body` varchar(255) COLLATE utf8_unicode_ci DEFAULT NULL,
  `user_id` int(11) DEFAULT NULL,
  `created_at` datetime NOT NULL,
  `updated_at` datetime NOT NULL,
  `photo_file_name` varchar(255) COLLATE utf8_unicode_ci DEFAULT NULL,
  `photo_content_type` varchar(255) COLLATE utf8_unicode_ci DEFAULT NULL,
  `photo_file_size` int(11) DEFAULT NULL,
  `photo_updated_at` datetime DEFAULT NULL,
  `event_id` int(11) NOT NULL,
  `email` varchar(255) COLLATE utf8_unicode_ci NOT NULL,
  `photo_width` int(11) DEFAULT NULL,
  `photo_height` int(11) DEFAULT NULL,
  PRIMARY KEY (`id`),
  KEY `index_messages_on_user_id` (`user_id`),
  CONSTRAINT `fk_rails_23b2e39280` FOREIGN KEY (`user_id`) REFERENCES `users` (`id`)
) ENGINE=InnoDB AUTO_INCREMENT=210 DEFAULT CHARSET=utf8 COLLATE=utf8_unicode_ci;
/*!40101 SET character_set_client = @saved_cs_client */;

--
-- Dumping data for table `messages`
--

LOCK TABLES `messages` WRITE;
/*!40000 ALTER TABLE `messages` DISABLE KEYS */;
INSERT INTO `messages` VALUES (1,'Fee Said Yes!',NULL,'2015-08-12 22:51:55','2015-08-12 22:51:55','1.JPG','image/jpeg',101185,'2015-08-12 22:51:55',1,'fionaom@gmail.com',720,960),(2,'We\'re getting married....',NULL,'2015-08-12 22:55:17','2015-08-12 22:55:17','2.JPG','image/jpeg',105145,'2015-08-12 22:55:17',1,'fionaom@gmail.com',1280,720),(3,'DATE SET!',NULL,'2015-08-12 22:55:32','2015-08-12 22:55:32','3.JPG','image/jpeg',112155,'2015-08-12 22:55:32',1,'fionaom@gmail.com',1280,720),(4,'Back to the zumba to get in shape for this wedding!',NULL,'2015-08-12 22:55:58','2015-08-12 22:55:58','4.jpg','image/jpeg',1088751,'2015-08-12 22:55:57',1,'fionaom@gmail.com',2448,3264),(5,'Road Trip for some dress shopping!',NULL,'2015-08-12 22:56:19','2015-08-12 22:56:19','5.jpg','image/jpeg',265359,'2015-08-12 22:56:19',1,'fionaom@gmail.com',1280,960),(6,'Checking out some bridesmaid dresses',NULL,'2015-08-12 22:56:45','2015-08-12 22:56:45','6.jpg','image/jpeg',317280,'2015-08-12 22:56:45',1,'fionaom@gmail.com',1280,960),(7,'Now for some bridal gowns',NULL,'2015-08-12 22:57:21','2015-08-12 22:57:21','7.jpg','image/jpeg',319670,'2015-08-12 22:57:20',1,'fionaom@gmail.com',1280,960),(8,'Fee said YES to the dress!',NULL,'2015-08-12 22:58:00','2015-08-12 22:58:00','9.jpg','image/jpeg',266723,'2015-08-12 22:58:00',1,'fionaom@gmail.com',1280,960),(9,'This is the one!',NULL,'2015-08-12 22:58:20','2015-08-12 22:58:20','10.jpg','image/jpeg',266546,'2015-08-12 22:58:20',1,'fionaom@gmail.com',1280,960),(10,'Giddy after making a purchase!',NULL,'2015-08-12 23:00:56','2015-08-12 23:00:56','11.jpg','image/jpeg',290276,'2015-08-12 23:00:56',1,'fionaom@gmail.com',1280,960),(11,'Quick stop off in Adare Manor for some bubbles to celebrate',NULL,'2015-08-12 23:01:51','2015-08-12 23:01:51','12.jpg','image/jpeg',317341,'2015-08-12 23:01:51',1,'fionaom@gmail.com',1280,960),(12,'Time for the groom to make some decisions...',NULL,'2015-08-12 23:02:16','2015-08-12 23:02:16','14.jpg','image/jpeg',1027169,'2015-08-12 23:02:15',1,'fionaom@gmail.com',666,1174),(13,'Not overly impressed!',NULL,'2015-08-12 23:02:36','2015-08-12 23:02:36','15.jpg','image/jpeg',1180945,'2015-08-12 23:02:34',1,'fionaom@gmail.com',2448,3264),(14,'Still haven\'t found the one!',NULL,'2015-08-12 23:02:57','2015-08-12 23:02:57','16.jpg','image/jpeg',1087506,'2015-08-12 23:02:56',1,'fionaom@gmail.com',2448,3264),(15,'Oh much better. Looking good Mr. President Gerry Owens!',NULL,'2015-08-12 23:03:59','2015-08-12 23:03:59','28.jpg','image/jpeg',122696,'2015-08-12 23:03:58',1,'fionaom@gmail.com',1280,720),(16,'Back to the girlies. \r\nKatie trying on some style.',NULL,'2015-08-12 23:04:31','2015-08-12 23:04:31','17.jpg','image/jpeg',2415417,'2015-08-12 23:04:29',1,'fionaom@gmail.com',2448,3264),(17,'Katie says YES to the dress!',NULL,'2015-08-12 23:04:50','2015-08-12 23:04:50','18.jpg','image/jpeg',364437,'2015-08-12 23:04:50',1,'fionaom@gmail.com',1280,960),(18,'Glam Mom!',NULL,'2015-08-12 23:06:32','2015-08-12 23:06:32','19.jpg','image/jpeg',1588295,'2015-08-12 23:06:30',1,'fionaom@gmail.com',3264,2448),(19,'Back to try on the dress again! Sure why not!',NULL,'2015-08-12 23:07:53','2015-08-12 23:07:53','21.jpg','image/jpeg',1389315,'2015-08-12 23:07:51',1,'fionaom@gmail.com',2448,3264),(20,'Aoifie says Yes to the dress! ',NULL,'2015-08-12 23:08:20','2015-08-12 23:08:20','22.jpg','image/jpeg',943061,'2015-08-12 23:08:18',1,'fionaom@gmail.com',2448,3264),(21,'Bridesmaid dresses done... phew!',NULL,'2015-08-12 23:08:45','2015-08-12 23:08:45','23.jpg','image/jpeg',336725,'2015-08-12 23:08:44',1,'fionaom@gmail.com',1280,960),(22,'Gerry enjoying some wedding discussions...',NULL,'2015-08-12 23:09:12','2015-08-12 23:09:12','26.jpg','image/jpeg',113252,'2015-08-12 23:09:11',1,'fionaom@gmail.com',581,1032),(23,'Wedding Menu Tasting... yum yum',NULL,'2015-08-12 23:09:36','2015-08-12 23:09:36','27.jpg','image/jpeg',340173,'2015-08-12 23:09:35',1,'fionaom@gmail.com',1280,960),(24,'Spa Relaxation Hen Time',NULL,'2015-08-12 23:11:32','2015-08-12 23:11:32','32.jpg','image/jpeg',330876,'2015-08-12 23:11:31',1,'fionaom@gmail.com',1280,960),(25,'Hen theme revealed... masquerade!',NULL,'2015-08-12 23:12:15','2015-08-12 23:12:15','38.jpg','image/jpeg',170344,'2015-08-12 23:12:15',1,'fionaom@gmail.com',640,852),(26,'Fab bunch of mysterious ladies! x',NULL,'2015-08-12 23:12:53','2015-08-12 23:12:53','39.jpg','image/jpeg',147473,'2015-08-12 23:12:53',1,'fionaom@gmail.com',852,640),(27,'Flower Girl Dress Rehersal',NULL,'2015-08-12 23:13:24','2015-08-12 23:13:24','41.jpg','image/jpeg',124934,'2015-08-12 23:13:23',1,'fionaom@gmail.com',640,1136),(28,'Natalie getting the hang of her frills',NULL,'2015-08-12 23:13:51','2015-08-12 23:13:51','42.jpg','image/jpeg',150233,'2015-08-12 23:13:50',1,'fionaom@gmail.com',640,1136),(29,'Hair trial',NULL,'2015-08-12 23:14:15','2015-08-12 23:14:15','43.jpg','image/jpeg',1097680,'2015-08-12 23:14:13',1,'fionaom@gmail.com',2448,3264),(30,'Civil ceremony getting ready in Katie\'s',NULL,'2015-08-12 23:14:57','2015-08-12 23:14:57','46.jpg','image/jpeg',212845,'2015-08-12 23:14:56',1,'fionaom@gmail.com',960,1280),(31,'Introducing Mister & Mrs Owens',NULL,'2015-08-12 23:15:21','2015-08-12 23:15:21','47.jpg','image/jpeg',291372,'2015-08-12 23:15:20',1,'fionaom@gmail.com',1280,960),(32,'What a beautiful day',NULL,'2015-08-12 23:15:42','2015-08-12 23:15:42','50.jpg','image/jpeg',253597,'2015-08-12 23:15:41',1,'fionaom@gmail.com',960,1280),(33,'Birthday Groom',NULL,'2015-08-12 23:16:02','2015-08-12 23:16:02','51.jpg','image/jpeg',139755,'2015-08-12 23:16:02',1,'fionaom@gmail.com',640,1136),(34,'Enjoying some bubbles pre-ceremony',NULL,'2015-08-12 23:16:38','2015-08-12 23:16:38','54.jpg','image/jpeg',138393,'2015-08-12 23:16:38',1,'fionaom@gmail.com',640,852),(35,'Multitasking bride',NULL,'2015-08-12 23:16:59','2015-08-12 23:16:59','57.jpg','image/jpeg',208802,'2015-08-12 23:16:58',1,'fionaom@gmail.com',640,852),(36,'Getting serious',NULL,'2015-08-12 23:17:24','2015-08-12 23:17:24','55.jpg','image/jpeg',152849,'2015-08-12 23:17:24',1,'fionaom@gmail.com',640,852),(37,'Daithí enjoying the ceremony',NULL,'2015-08-12 23:18:04','2015-08-12 23:18:04','58.jpg','image/jpeg',112364,'2015-08-12 23:18:04',1,'fionaom@gmail.com',640,1136),(38,'Natalie looks on from Nana Carmel\'s lap',NULL,'2015-08-12 23:18:24','2015-08-12 23:18:24','60.jpg','image/jpeg',89305,'2015-08-12 23:18:24',1,'fionaom@gmail.com',640,1136),(39,'Husband and wife',NULL,'2015-08-12 23:19:09','2015-08-12 23:19:09','59.jpg','image/jpeg',108373,'2015-08-12 23:19:09',1,'fionaom@gmail.com',640,1136),(40,'Checking out some photo ops',NULL,'2015-08-12 23:19:39','2015-08-12 23:19:39','61.jpg','image/jpeg',2510709,'2015-08-12 23:19:37',1,'fionaom@gmail.com',3264,2448),(41,'Lake view',NULL,'2015-08-12 23:20:12','2015-08-12 23:20:12','62.jpg','image/jpeg',2758094,'2015-08-12 23:20:10',1,'fionaom@gmail.com',3264,2448),(42,'Natalie & Carmel\'s first selfie',NULL,'2015-08-12 23:20:34','2015-08-12 23:20:34','63.jpg','image/jpeg',72169,'2015-08-12 23:20:34',1,'fionaom@gmail.com',480,640),(43,'Don\'t forget to stop to smell the roses. Beautiful ladies. x',NULL,'2015-08-12 23:21:03','2015-08-12 23:21:03','64.jpg','image/jpeg',55900,'2015-08-12 23:21:03',1,'fionaom@gmail.com',335,539),(44,'Momo Katie helping with wedding preparations',NULL,'2015-08-12 23:21:58','2015-08-12 23:21:58','68.jpg','image/jpeg',1131365,'2015-08-12 23:21:56',1,'fionaom@gmail.com',3264,2448),(45,'Jar hoarding at its finest',NULL,'2015-08-12 23:22:27','2015-08-12 23:22:27','70.jpg','image/jpeg',1300084,'2015-08-12 23:22:25',1,'fionaom@gmail.com',2448,3264),(46,'Crafty Hearts',NULL,'2015-08-12 23:22:46','2015-08-12 23:22:46','71.jpg','image/jpeg',1046553,'2015-08-12 23:22:44',1,'fionaom@gmail.com',2448,3264),(47,'Don\'t forget to pack the watermelons!',NULL,'2015-08-12 23:23:07','2015-08-12 23:23:07','72.jpg','image/jpeg',1241798,'2015-08-12 23:23:05',1,'fionaom@gmail.com',3264,2448),(48,'Momo prettied up the jars',NULL,'2015-08-12 23:27:30','2015-08-12 23:27:30','73.jpg','image/jpeg',138116,'2015-08-12 23:27:30',1,'fionaom@gmail.com',852,640),(49,'Didi, Nik, Sandy & Denis arrive from Alberta!',NULL,'2015-08-12 23:28:19','2015-08-12 23:28:19','74.jpg','image/jpeg',1502210,'2015-08-12 23:28:17',1,'fionaom@gmail.com',3264,2448),(50,'Gathering sand at Inch Beach for sand ceremony',NULL,'2015-08-12 23:28:45','2015-08-12 23:28:45','75.jpg','image/jpeg',1590860,'2015-08-12 23:28:43',1,'fionaom@gmail.com',3264,2448),(51,'Sandy & Nikki help dye the sand',NULL,'2015-08-12 23:29:07','2015-08-12 23:29:07','76.jpg','image/jpeg',1068163,'2015-08-12 23:29:06',1,'fionaom@gmail.com',2448,3264),(52,'Table Plan finalised... we think!',NULL,'2015-08-12 23:29:42','2015-08-12 23:29:42','78.jpg','image/jpeg',1641734,'2015-08-12 23:29:40',1,'fionaom@gmail.com',2448,3264),(53,'Dinner after a day in the spa in Muckross Park Hotel',NULL,'2015-08-12 23:34:37','2015-08-12 23:34:37','79.jpg','image/jpeg',1177788,'2015-08-12 23:34:35',1,'fionaom@gmail.com',3264,2448),(54,'Richard helping test SnappyGuests',NULL,'2015-08-12 23:34:59','2015-08-12 23:34:59','80.jpg','image/jpeg',188548,'2015-08-12 23:34:59',1,'fionaom@gmail.com',719,1280),(55,'Admiring the family photos',NULL,'2015-08-12 23:35:33','2015-08-12 23:35:33','81.jpg','image/jpeg',1044660,'2015-08-12 23:35:30',1,'fionaom@gmail.com',3264,2448),(56,'Replenishing dinner in Woodlawn with the gang',NULL,'2015-08-12 23:35:55','2015-08-12 23:35:55','83.jpg','image/jpeg',285210,'2015-08-12 23:35:54',1,'fionaom@gmail.com',1280,960),(57,'Family snap before the big day',NULL,'2015-08-12 23:36:13','2015-08-12 23:36:13','84.jpg','image/jpeg',399435,'2015-08-12 23:36:12',1,'fionaom@gmail.com',1200,1600),(58,'Finally the bridesmaids dresses arrive!!',NULL,'2015-08-12 23:36:36','2015-08-13 21:38:38','86.jpg','image/jpeg',240193,'2015-08-12 23:36:36',1,'fionaom@gmail.com',960,1600),(59,'',NULL,'2015-08-12 23:42:59','2015-08-12 23:42:59','image.jpg','image/jpeg',1343182,'2015-08-12 23:42:57',2,'fiona@wantsa.com',2448,3264),(60,'Katie\'s Mother of the Bride outfit comes together x',NULL,'2015-08-12 23:51:01','2015-08-12 23:51:01','87.jpg','image/jpeg',335990,'2015-08-12 23:51:00',1,'fionaom@gmail.com',640,1136),(61,'Stag Selfie',NULL,'2015-08-13 08:26:02','2015-08-13 08:26:02','image.jpg','image/jpeg',303723,'2015-08-13 08:26:01',1,'ronanmccarthy1@gmail.com',1280,960),(62,'Moustache Man',NULL,'2015-08-13 08:28:51','2015-08-13 08:28:51','image.jpg','image/jpeg',398471,'2015-08-13 08:28:51',1,'ronanmccarthy1@gmail.com',1186,1664),(63,'',NULL,'2015-08-13 13:51:53','2015-08-13 13:51:53','20150810_204841.jpg','image/jpeg',588371,'2015-08-13 13:51:53',2,'johnowens0@gmail.com',1920,1080),(64,'Landscape',NULL,'2015-08-13 13:52:27','2015-08-13 13:52:27','14394739367251010956987.jpg','image/jpeg',481489,'2015-08-13 13:52:27',2,'johnowens0@gmail.com',1920,1080),(65,'Afternoon tea',NULL,'2015-08-13 20:46:25','2015-08-13 20:46:25','image.jpg','image/jpeg',220611,'2015-08-13 20:46:25',1,'fionaom@gmail.com',640,852),(66,'Rehearsal!',NULL,'2015-08-13 20:51:41','2015-08-13 20:51:41','image.jpg','image/jpeg',796242,'2015-08-13 20:51:39',1,'fionaom@gmail.com',2448,3264),(67,'What a room!',NULL,'2015-08-13 20:52:47','2015-08-13 20:52:47','image.jpg','image/jpeg',1192882,'2015-08-13 20:52:45',1,'fionaom@gmail.com',3264,2448),(68,'Wakey wakey',NULL,'2015-08-13 21:19:03','2015-08-13 21:19:03','image.jpg','image/jpeg',1328740,'2015-08-13 21:19:01',1,'fionaom@gmail.com',3264,2448),(69,'Chillin in d suite',NULL,'2015-08-13 21:47:40','2015-08-13 21:47:40','image.jpg','image/jpeg',322518,'2015-08-13 21:47:39',1,'fionaom@gmail.com',1280,960),(70,'Fee designs her dress age 7',NULL,'2015-08-13 22:28:54','2015-08-13 22:28:54','image.jpg','image/jpeg',1378685,'2015-08-13 22:28:52',1,'fionaom@gmail.com',2448,3264),(71,'Water delivery to bridal suite',NULL,'2015-08-13 22:29:31','2015-08-13 22:29:31','image.jpg','image/jpeg',1661020,'2015-08-13 22:29:29',1,'fionaom@gmail.com',2448,3264),(72,'Dresses awaiting the big day',NULL,'2015-08-13 22:30:02','2015-08-13 22:30:02','image.jpg','image/jpeg',1243632,'2015-08-13 22:30:00',1,'fionaom@gmail.com',2448,3264),(73,'Sheer joy when fee picked up her dress',NULL,'2015-08-13 22:31:22','2015-08-13 22:31:22','image.jpg','image/jpeg',2164082,'2015-08-13 22:31:20',1,'fionaom@gmail.com',2448,3264),(74,'What today is all about',NULL,'2015-08-14 07:05:42','2015-08-14 07:05:42','image.jpg','image/jpeg',452658,'2015-08-14 07:05:41',1,'fionaom@gmail.com',1600,1200),(75,'Bridal brekkie',NULL,'2015-08-14 07:06:14','2015-08-14 07:06:14','image.jpg','image/jpeg',1194502,'2015-08-14 07:06:12',1,'fionaom@gmail.com',2448,3264),(76,'Vroom vroom beep beep!!',NULL,'2015-08-14 08:11:05','2015-08-14 08:11:05','image.jpg','image/jpeg',1834016,'2015-08-14 08:11:03',1,'fionaom@gmail.com',3264,2448),(77,'Bridal hair!',NULL,'2015-08-14 08:11:51','2015-08-14 08:11:51','image.jpg','image/jpeg',955241,'2015-08-14 08:11:49',1,'fionaom@gmail.com',3264,2448),(78,'Ready for the big day',NULL,'2015-08-14 08:16:34','2015-08-14 08:16:34','image.jpg','image/jpeg',1598229,'2015-08-14 08:16:32',1,'johnowens0@gmail.com',2448,3264),(79,'Day before kisses',NULL,'2015-08-14 09:03:15','2015-08-14 09:03:15','image.jpg','image/jpeg',740695,'2015-08-14 09:03:14',1,'carmelowens48@gmail.com',1600,1200),(80,'Chop chop!',NULL,'2015-08-14 09:03:38','2015-08-14 09:03:38','image.jpg','image/jpeg',1644657,'2015-08-14 09:03:36',1,'johnowens0@gmail.com',2448,3264),(81,'',NULL,'2015-08-14 09:03:49','2015-08-14 09:03:49','image.jpg','image/jpeg',1911779,'2015-08-14 09:03:47',1,'didiarmuid@hotmail.com',1936,2592),(82,'Granda & Natalie',NULL,'2015-08-14 09:03:51','2015-08-14 09:03:51','image.jpg','image/jpeg',654002,'2015-08-14 09:03:50',1,'carmelowens48@gmail.com',1600,1200),(83,'Eating raspberry at afternoon tea',NULL,'2015-08-14 09:04:45','2015-08-14 09:04:45','image.jpg','image/jpeg',729311,'2015-08-14 09:04:44',1,'carmelowens48@gmail.com',1200,1600),(84,'A handsome man',NULL,'2015-08-14 09:05:03','2015-08-14 09:05:03','image.jpg','image/jpeg',1678143,'2015-08-14 09:05:02',1,'didiarmuid@hotmail.com',1936,2592),(85,'Someone sort this lad out!',NULL,'2015-08-14 09:05:08','2015-08-14 09:05:08','image.jpg','image/jpeg',1268456,'2015-08-14 09:05:06',1,'johnowens0@gmail.com',2448,3264),(86,'Afternoon tea in muckross ',NULL,'2015-08-14 09:05:33','2015-08-14 09:05:33','image.jpg','image/jpeg',740009,'2015-08-14 09:05:33',1,'carmelowens48@gmail.com',1600,1200),(87,'Bestman Cut Throat Shave',NULL,'2015-08-14 09:10:24','2015-08-14 09:10:24','image.jpg','image/jpeg',1428691,'2015-08-14 09:10:22',1,'ronanmccarthy1@gmail.com',2448,3264),(88,'Haircut for Elvis',NULL,'2015-08-14 09:29:35','2015-08-14 09:29:35','image.jpg','image/jpeg',212055,'2015-08-14 09:29:34',1,'ronanmccarthy1@gmail',960,1280),(89,'The many faces of the groom',NULL,'2015-08-14 09:33:11','2015-08-14 09:33:11','image.jpg','image/jpeg',448901,'2015-08-14 09:33:10',1,'ronanmccarthy1@gmail',1200,1800),(90,'....it\'s a man shaving him!!',NULL,'2015-08-14 09:34:30','2015-08-14 09:34:30','image.jpg','image/jpeg',1483716,'2015-08-14 09:34:28',1,'ronanmccarthy1@gmail',3264,2448),(91,'A muzzle for the kerryman',NULL,'2015-08-14 09:35:46','2015-08-14 09:35:46','image.jpg','image/jpeg',1902762,'2015-08-14 09:35:44',1,'ronanmccarthy1@gmail',3264,2448),(92,'Bestman....enjoying himself a little too much!!',NULL,'2015-08-14 09:39:26','2015-08-14 09:39:26','image.jpg','image/jpeg',1339099,'2015-08-14 09:39:24',1,'ronanmccarthy1@gmail',2448,3264),(93,'Cleaned and ready for the suits',NULL,'2015-08-14 09:47:46','2015-08-14 09:47:46','image.jpg','image/jpeg',2065326,'2015-08-14 09:47:44',1,'ronanmccarthy1@gmail',3264,2448),(94,'Swit swoo Aimee!!',NULL,'2015-08-14 09:48:28','2015-08-14 09:48:28','image.jpg','image/jpeg',409381,'2015-08-14 09:48:27',1,'fionaom@gmail.com',1339,2171),(95,'Selfie',NULL,'2015-08-14 09:48:49','2015-08-14 09:48:49','image.jpg','image/jpeg',216420,'2015-08-14 09:48:49',1,'fionaom@gmail.com',1280,960),(96,'All gorge',NULL,'2015-08-14 09:49:06','2015-08-14 09:49:06','image.jpg','image/jpeg',277661,'2015-08-14 09:49:06',1,'fionaom@gmail.com',1280,960),(97,'Vroom vroom beeeep beeeeeeeeep!!!!',NULL,'2015-08-14 10:01:29','2015-08-14 10:01:29','image.jpg','image/jpeg',267504,'2015-08-14 10:01:28',1,'fionaom@gmail.com',1280,960),(98,'Giddy girls',NULL,'2015-08-14 10:01:58','2015-08-14 10:01:58','image.jpg','image/jpeg',273758,'2015-08-14 10:01:58',1,'fionaom@gmail.com',1280,960),(99,'Scaring tourists!',NULL,'2015-08-14 10:02:25','2015-08-14 10:02:25','image.jpg','image/jpeg',483976,'2015-08-14 10:02:24',1,'fionaom@gmail.com',1920,1080),(100,'The dress!',NULL,'2015-08-14 10:31:30','2015-08-14 10:31:30','image.jpg','image/jpeg',986101,'2015-08-14 10:31:28',1,'fionaom@gmail.com',3264,2448),(101,'Cousins ',NULL,'2015-08-14 10:32:03','2015-08-14 10:32:03','image.jpg','image/jpeg',320393,'2015-08-14 10:32:02',1,'fionaom@gmail.com',1280,960),(102,'Pretty in pink',NULL,'2015-08-14 10:32:31','2015-08-14 10:32:31','image.jpg','image/jpeg',1202504,'2015-08-14 10:32:29',1,'fionaom@gmail.com',3264,2448),(103,'Replenish',NULL,'2015-08-14 10:33:06','2015-08-14 10:33:06','image.jpg','image/jpeg',1125300,'2015-08-14 10:33:04',1,'fionaom@gmail.com',3264,2448),(104,'Having a natter',NULL,'2015-08-14 10:33:51','2015-08-14 10:33:51','image.jpg','image/jpeg',1464782,'2015-08-14 10:33:49',1,'fionaom@gmail.com',3264,2448),(105,'Pretty girlies',NULL,'2015-08-14 10:34:22','2015-08-14 10:34:22','image.jpg','image/jpeg',1787214,'2015-08-14 10:34:20',1,'fionaom@gmail.com',3264,2448),(106,'Hungry?',NULL,'2015-08-14 10:34:47','2015-08-14 10:34:47','image.jpg','image/jpeg',1357006,'2015-08-14 10:34:46',1,'fionaom@gmail.com',3264,2448),(107,'What\'s with the sandwiches',NULL,'2015-08-14 10:35:13','2015-08-14 10:35:13','image.jpg','image/jpeg',1576010,'2015-08-14 10:35:11',1,'fionaom@gmail.com',3264,2448),(108,'',NULL,'2015-08-14 10:47:51','2015-08-14 10:47:51','image.jpg','image/jpeg',135995,'2015-08-14 10:47:51',1,'ciaranolearycork@gmail.com',1136,640),(109,'Ronan practicing for the dance',NULL,'2015-08-14 10:48:33','2015-08-14 10:48:33','image.jpg','image/jpeg',2089722,'2015-08-14 10:48:30',1,'Owensy8@Gmail.com',4000,3000),(110,'Allahu Akbar ',NULL,'2015-08-14 10:54:08','2015-08-14 10:54:08','image.jpg','image/jpeg',308518,'2015-08-14 10:54:07',1,'Owensy8@Gmail.com',960,1280),(111,'...last drop for a bit of courage!! ',NULL,'2015-08-14 11:02:51','2015-08-14 11:02:51','image.jpg','image/jpeg',1239273,'2015-08-14 11:02:49',1,'ronanmccarthy1@gmail.com',3264,2448),(112,'Beautiful!',NULL,'2015-08-14 11:06:26','2015-08-14 11:06:26','image.jpg','image/jpeg',1321179,'2015-08-14 11:06:24',1,'fionaom@gmail.com',3264,2448),(113,'Getting ready',NULL,'2015-08-14 11:48:01','2015-08-14 11:48:01','image.jpg','image/jpeg',1124985,'2015-08-14 11:47:59',1,'fionaom@gmail.com',2448,3264),(114,'Sassy',NULL,'2015-08-14 11:48:34','2015-08-14 11:48:34','image.jpg','image/jpeg',1311703,'2015-08-14 11:48:32',1,'fionaom@gmail.com',2448,3264),(115,'Nearly ready',NULL,'2015-08-14 11:49:55','2015-08-14 11:49:55','image.jpg','image/jpeg',837930,'2015-08-14 11:49:53',1,'fionaom@gmail.com',2448,3264),(116,'Gerry rehearsing ',NULL,'2015-08-14 12:11:40','2015-08-14 12:11:40','image.jpg','image/jpeg',2455088,'2015-08-14 12:11:38',1,'ronanmccarthy1@gmail.com',2448,3264),(117,'Ooooh John, you look handsome!',NULL,'2015-08-14 12:20:41','2015-08-14 12:20:41','image.jpg','image/jpeg',1741216,'2015-08-14 12:20:39',1,'ronanmccarthy1@gmail.com',3264,2448),(118,'The girls',NULL,'2015-08-14 12:33:10','2015-08-14 12:33:10','image.jpg','image/jpeg',1877021,'2015-08-14 12:33:08',1,'ronanmccarthy1@gmail.com',3264,2448),(119,'Top Assistant',NULL,'2015-08-14 13:06:53','2015-08-14 13:06:53','image.jpg','image/jpeg',336975,'2015-08-14 13:06:52',1,'Owensy8@Gmail.com',960,1280),(120,'Floating on water',NULL,'2015-08-14 13:07:29','2015-08-14 13:07:29','image.jpg','image/jpeg',1904288,'2015-08-14 13:07:27',1,'ronanmccarthy1@gmail.com',3264,2448),(121,'On the pier',NULL,'2015-08-14 13:08:27','2015-08-14 13:08:27','image.jpg','image/jpeg',1681828,'2015-08-14 13:08:25',1,'ronanmccarthy1@gmail.com',2448,3264),(122,'The Boys',NULL,'2015-08-14 13:09:15','2015-08-14 13:09:15','image.jpg','image/jpeg',1780451,'2015-08-14 13:09:13',1,'ronanmccarthy1@gmail.com',3264,2448),(123,'John is sea sick',NULL,'2015-08-14 13:10:11','2015-08-14 13:10:11','image.jpg','image/jpeg',292392,'2015-08-14 13:10:11',1,'ronanmccarthy1@gmail.com',960,1280),(124,'Group Selfie',NULL,'2015-08-14 13:11:39','2015-08-14 13:11:39','image.jpg','image/jpeg',349181,'2015-08-14 13:11:39',1,'ronanmccarthy1@gmail.com',960,1280),(125,'Bros\'',NULL,'2015-08-14 13:13:23','2015-08-14 13:13:23','image.jpg','image/jpeg',1984248,'2015-08-14 13:13:21',1,'ronanmccarthy1@gmail.com',3264,2448),(126,'',NULL,'2015-08-14 13:26:28','2015-08-14 13:26:28','image.jpg','image/jpeg',1995013,'2015-08-14 13:26:26',1,'niall.oconnor@cxpartners.co.uk',3264,2448),(127,'',NULL,'2015-08-14 13:43:05','2015-08-14 13:43:05','image.jpg','image/jpeg',1694440,'2015-08-14 13:43:04',1,'didiarmuid@hotmail.com',1936,2592),(128,'Brendan thinks he looks mental. ',NULL,'2015-08-14 14:14:36','2015-08-14 14:14:36','image.jpg','image/jpeg',1609256,'2015-08-14 14:14:34',1,'didiarmuid@hotmail.com',1936,2592),(129,'',NULL,'2015-08-14 14:20:36','2015-08-14 14:20:36','image.jpg','image/jpeg',229870,'2015-08-14 14:20:35',1,'niall.oconnor@cxpartners.co.uk',1280,960),(130,'Best of luck guys!',NULL,'2015-08-14 14:22:49','2015-08-14 14:22:49','20150814_152153.jpg','image/jpeg',339877,'2015-08-14 14:22:48',1,'walsh645@gmail.com',1920,1080),(131,'Photo clown',NULL,'2015-08-14 15:08:22','2015-08-14 15:08:22','image.jpg','image/jpeg',1211125,'2015-08-14 15:08:20',1,'niall.oconnor@cxpartners.co.uk',2448,3264),(132,'The magnum look',NULL,'2015-08-14 15:36:24','2015-08-14 15:36:24','image.jpg','image/jpeg',1772373,'2015-08-14 15:36:22',1,'niall.oconnor@cxpartners.co.uk',3264,2448),(133,'Party time',NULL,'2015-08-14 16:43:20','2015-08-14 16:43:20','20150814_174048.jpg','image/jpeg',384812,'2015-08-14 16:43:20',1,'walsh645@gmail.com',1920,1080),(134,'Hon the rebels!!',NULL,'2015-08-14 16:44:13','2015-08-14 16:44:13','20150814_170018.jpg','image/jpeg',2228071,'2015-08-14 16:44:11',1,'walsh645@gmail.com',1836,3264),(135,'#banter',NULL,'2015-08-14 16:47:12','2015-08-14 16:47:12','20150814_174711.jpg','image/jpeg',457071,'2015-08-14 16:47:11',1,'walsh645@gmail.com',1920,1080),(136,'He ruins every photo',NULL,'2015-08-14 16:53:27','2015-08-14 16:53:27','image.jpg','image/jpeg',1414673,'2015-08-14 16:53:25',1,'fiona.okeeffe@yahoo.ie',2448,3264),(137,'3 Liverpool supporters at the table....',NULL,'2015-08-14 16:54:28','2015-08-14 16:54:28','image.jpg','image/jpeg',1507660,'2015-08-14 16:54:26',1,'newman_glen@hotmail.com',2448,3264),(138,'',NULL,'2015-08-14 16:54:46','2015-08-14 16:54:46','image.jpg','image/jpeg',264279,'2015-08-14 16:54:46',1,'fiona.okeeffe@yahoo.ie',960,1280),(139,'You\'ll have to explain this one john ',NULL,'2015-08-14 16:55:42','2015-08-14 16:55:42','image.jpg','image/jpeg',1693515,'2015-08-14 16:55:40',1,'fiona.okeeffe@yahoo.ie',2448,3264),(140,'',NULL,'2015-08-14 17:02:34','2015-08-14 17:02:34','image.jpg','image/jpeg',66064,'2015-08-14 17:02:34',1,'bob@gmail.com',682,1024),(141,'',NULL,'2015-08-14 17:03:43','2015-08-14 17:03:43','image.jpg','image/jpeg',1160244,'2015-08-14 17:03:41',1,'bob@gmail.com',2448,2448),(142,'Hi! My name is...',NULL,'2015-08-14 17:05:13','2015-08-14 17:05:13','image.jpg','image/jpeg',1509811,'2015-08-14 17:05:11',1,'newman_glen@hotmail.com',3264,2448),(143,'',NULL,'2015-08-14 17:06:45','2015-08-14 17:06:45','WP_20150814_009.jpg','image/jpeg',1414047,'2015-08-14 17:06:43',1,'b0xie@yahoo.com',1802,3200),(144,'Flounce!',NULL,'2015-08-14 17:11:08','2015-08-14 17:11:08','image.jpg','image/jpeg',1309172,'2015-08-14 17:11:06',1,'orla.m.doyle@gmail.com',2448,3264),(145,'Family',NULL,'2015-08-14 17:11:56','2015-08-14 17:11:56','image.jpg','image/jpeg',1526039,'2015-08-14 17:11:54',1,'orla.m.doyle@gmail.com',2448,3264),(146,'Will this bastard ever get off the screen',NULL,'2015-08-14 17:17:01','2015-08-14 17:17:01','image.jpg','image/jpeg',1154028,'2015-08-14 17:16:59',1,'fiona.okeeffe@yahoo.ie',2448,3264),(147,'You\'ll never walk alone',NULL,'2015-08-14 17:18:29','2015-08-14 17:18:29','image.jpg','image/jpeg',1106563,'2015-08-14 17:18:27',1,'orla.m.doyle@gmail.com',2448,3264),(148,'Old school!',NULL,'2015-08-14 17:18:31','2015-08-14 17:18:31','IMG_20150814_181559702.jpg','image/jpeg',916055,'2015-08-14 17:18:30',1,'eointhomas@gmail.com',2592,1456),(149,'You\'ll never walk alone',NULL,'2015-08-14 17:19:41','2015-08-14 17:19:41','image.jpg','image/jpeg',1107776,'2015-08-14 17:19:39',1,'orla.m.doyle@gmail.com',2448,3264),(150,'Man Utds biggest Fan!',NULL,'2015-08-14 17:21:59','2015-08-14 17:21:59','image.jpg','image/jpeg',1137427,'2015-08-14 17:21:57',1,'ronanmccarthy@gmail.com',2448,3264),(151,'Photo bomb',NULL,'2015-08-14 17:23:39','2015-08-14 17:23:39','image.jpg','image/jpeg',441413,'2015-08-14 17:23:39',1,'ronanmccarthy@gmail.com',960,1280),(152,'I love gala!!!',NULL,'2015-08-14 17:23:53','2015-08-14 17:23:53','20150814_182328.jpg','image/jpeg',1437057,'2015-08-14 17:23:51',1,'walsh645@gmail.com',1836,3264),(153,'Junior Owens with Mother Owens!!!',NULL,'2015-08-14 17:24:49','2015-08-14 17:24:49','image.jpg','image/jpeg',1790496,'2015-08-14 17:24:47',1,'ronanmccarthy@gmail.com',3264,2448),(154,'Donal & Aoife ',NULL,'2015-08-14 17:24:51','2015-08-14 17:24:51','image.jpg','image/jpeg',1417534,'2015-08-14 17:24:49',1,'jacintamac@gmail.com',3264,2448),(155,'Best day ever ',NULL,'2015-08-14 17:26:04','2015-08-14 17:26:04','image.jpg','image/jpeg',215567,'2015-08-14 17:26:04',1,'fionaom@gmail.com',960,1280),(156,'The Messers!!!',NULL,'2015-08-14 17:26:12','2015-08-14 17:26:12','image.jpg','image/jpeg',1780451,'2015-08-14 17:26:10',1,'ronanmccarthy@gmail.com',3264,2448),(157,'Mother Owens with the Groom!!!',NULL,'2015-08-14 17:27:40','2015-08-14 17:27:40','image.jpg','image/jpeg',1979804,'2015-08-14 17:27:38',1,'ronanmccarthy@gmail.com',2448,2448),(158,'Top table',NULL,'2015-08-14 17:29:37','2015-08-14 17:29:37','image.jpg','image/jpeg',1116446,'2015-08-14 17:29:35',1,'sarahmccarthy19@gmail.com',2448,3264),(159,'The Man!!',NULL,'2015-08-14 17:30:18','2015-08-14 17:30:18','image.jpg','image/jpeg',1929014,'2015-08-14 17:30:16',1,'sarahmccarthy19@gmail.com',2448,3264),(160,'',NULL,'2015-08-14 17:30:53','2015-08-14 17:30:53','image.jpg','image/jpeg',1414488,'2015-08-14 17:30:51',1,'sarahmccarthy19@gmail.com',2448,3264),(161,'The Ladies of the Top Table',NULL,'2015-08-14 17:32:20','2015-08-14 17:32:20','image.jpg','image/jpeg',1047748,'2015-08-14 17:32:18',1,'ronanmccarthy1@gmail',3264,2448),(162,'Aoifie gorge in watermelon',NULL,'2015-08-14 17:32:59','2015-08-14 17:32:59','image.jpg','image/jpeg',1059659,'2015-08-14 17:32:57',1,'fionaom@gmail.com',2448,3264),(163,'Groomsman and his Bird!!',NULL,'2015-08-14 17:33:17','2015-08-14 17:33:17','image.jpg','image/jpeg',2087507,'2015-08-14 17:33:15',1,'ronanmccarthy1@gmail',2448,3264),(164,'The ugly sisters',NULL,'2015-08-14 17:33:58','2015-08-14 17:33:58','image.jpg','image/jpeg',1389058,'2015-08-14 17:33:56',1,'ronanmccarthy1@gmail',2448,3264),(165,'Thank god I am at the correct wedding',NULL,'2015-08-14 17:42:07','2015-08-14 17:42:07','image.jpg','image/jpeg',1208757,'2015-08-14 17:42:05',1,'sarahmccarthy19@gmail.com',2448,3264),(166,'',NULL,'2015-08-14 17:42:50','2015-08-14 17:42:50','image.jpg','image/jpeg',1281268,'2015-08-14 17:42:47',1,'sarahmccarthy19@gmail.com',2448,3264),(167,'',NULL,'2015-08-14 17:43:39','2015-08-14 17:43:39','image.jpg','image/jpeg',1116446,'2015-08-14 17:43:37',1,'sarahmccarthy19@gmail.com',2448,3264),(168,'',NULL,'2015-08-14 17:44:01','2015-08-14 17:44:01','image.jpg','image/jpeg',1772373,'2015-08-14 17:43:59',1,'niall.oconnor@cxpartners.co.uk',3264,2448),(169,'',NULL,'2015-08-14 17:44:22','2015-08-14 17:44:22','image.jpg','image/jpeg',1123662,'2015-08-14 17:44:20',1,'sarahmccarthy19@gmail.com',2448,3264),(170,'',NULL,'2015-08-14 17:44:30','2015-08-14 17:44:30','image.jpg','image/jpeg',201991,'2015-08-14 17:44:29',1,'niall.oconnor@cxpartners.co.uk',1280,960),(171,'',NULL,'2015-08-14 17:44:53','2015-08-14 17:44:53','image.jpg','image/jpeg',1211125,'2015-08-14 17:44:51',1,'niall.oconnor@cxpartners.co.uk',2448,3264),(172,'',NULL,'2015-08-14 17:44:55','2015-08-14 17:44:55','image.jpg','image/jpeg',2989743,'2015-08-14 17:44:51',1,'sarahmccarthy19@gmail.com',2448,3264),(173,'',NULL,'2015-08-14 17:45:26','2015-08-14 17:45:26','image.jpg','image/jpeg',1551942,'2015-08-14 17:45:24',1,'sarahmccarthy19@gmail.com',2448,3264),(174,'Stag selfie ',NULL,'2015-08-14 17:45:34','2015-08-14 17:45:34','image.jpg','image/jpeg',1292230,'2015-08-14 17:45:32',1,'niall.oconnor@cxpartners.co.uk',3264,2448),(175,'',NULL,'2015-08-14 17:45:58','2015-08-14 17:45:58','image.jpg','image/jpeg',1414488,'2015-08-14 17:45:56',1,'sarahmccarthy19@gmail.com',2448,3264),(176,'Stag groupies',NULL,'2015-08-14 17:46:15','2015-08-14 17:46:15','image.jpg','image/jpeg',1070934,'2015-08-14 17:46:14',1,'niall.oconnor@cxpartners.co.uk',2448,2448),(177,'',NULL,'2015-08-14 17:46:37','2015-08-14 17:46:37','image.jpg','image/jpeg',199712,'2015-08-14 17:46:36',1,'niall.oconnor@cxpartners.co.uk',960,1280),(178,'Banter table',NULL,'2015-08-14 17:46:58','2015-08-14 17:46:58','image.jpg','image/jpeg',358554,'2015-08-14 17:46:58',1,'niall.oconnor@cxpartners.co.uk',1280,960),(179,'Pano bants ',NULL,'2015-08-14 17:52:50','2015-08-14 17:52:50','image.jpg','image/jpeg',9656611,'2015-08-14 17:52:43',1,'niall.oconnor@cxpartners.co.uk',8642,3202),(180,'Charlie\'s Angels',NULL,'2015-08-14 17:54:08','2015-08-14 17:54:08','image.jpg','image/jpeg',2510451,'2015-08-14 17:54:06',1,'Owensy8@Gmail.com',2448,3264),(181,'Single and ready to mingle ;) ',NULL,'2015-08-14 17:54:15','2015-08-14 17:54:15','image.jpg','image/jpeg',301882,'2015-08-14 17:54:15',1,'niall.oconnor@cxpartners.co.uk',960,1280),(182,'No fun',NULL,'2015-08-14 18:15:16','2015-08-14 18:15:16','image.jpg','image/jpeg',257733,'2015-08-14 18:15:15',1,'fiona.okeeffe@yahoo.ie',1280,960),(183,'',NULL,'2015-08-14 18:16:40','2015-08-14 18:16:40','image.jpg','image/jpeg',1014617,'2015-08-14 18:16:38',1,'fiona.okeeffr@yahoo.ie',2448,3264),(184,'You\'ll never walk alone',NULL,'2015-08-14 18:24:02','2015-08-14 18:24:02','image.jpg','image/jpeg',208301,'2015-08-14 18:24:02',1,'Owensy8@Gmail.com',750,1334),(185,'Mr potato o mahoney',NULL,'2015-08-14 18:47:45','2015-08-14 18:47:45','14393945369261067964090.jpg','image/jpeg',983449,'2015-08-14 18:47:44',1,'eve_joanna@hotmail.co.uk',1536,2560),(186,' Frangins!',NULL,'2015-08-14 18:51:32','2015-08-14 18:51:32',NULL,NULL,NULL,NULL,1,'eve_joanna@hotmail.co.uk',NULL,NULL),(187,'Me and my beautiful date!',NULL,'2015-08-14 18:54:50','2015-08-14 18:54:50','WP_20150814_007.jpg','image/jpeg',1278311,'2015-08-14 18:54:49',1,'b0xie@yahoo.com',1802,3200),(188,'Me and my beautiful date!',NULL,'2015-08-14 18:55:10','2015-08-14 18:55:10','WP_20150814_007.jpg','image/jpeg',1278311,'2015-08-14 18:55:09',1,'b0xie@yahoo.com',1802,3200),(189,'Human pyramid!',NULL,'2015-08-14 18:56:18','2015-08-14 18:56:18','altAksVqbxUBgHZY_l44CQlpsrMEH-IOw65hj9FG5TNbVNk_jpg.jpg','image/jpeg',125111,'2015-08-14 18:56:18',1,'karlhnelson@gmail.com',800,598),(190,'Cake!! XXX',NULL,'2015-08-14 18:56:43','2015-08-14 18:56:43','image.jpg','image/jpeg',1548603,'2015-08-14 18:56:41',1,'Owensy8@Gmail.com',2448,3264),(191,'Place to be',NULL,'2015-08-14 19:03:36','2015-08-14 19:03:36','1439571355141.jpg','image/jpeg',49648,'2015-08-14 19:03:36',1,'lisa.lharte.harte@gmail.com',540,960),(192,'Liverpools biggest Fan!! ',NULL,'2015-08-14 19:17:46','2015-08-14 19:17:46','image.jpg','image/jpeg',155606,'2015-08-14 19:17:46',1,'ronanmccarthy1@gmail.com',720,720),(193,'Ladies',NULL,'2015-08-14 20:37:53','2015-08-14 20:37:53','1439559839911.jpg','image/jpeg',61435,'2015-08-14 20:37:53',1,'lisa.lharte.harte@gmail.com',540,960),(194,'',NULL,'2015-08-14 20:38:56','2015-08-14 20:38:56','1439559920951.jpg','image/jpeg',66321,'2015-08-14 20:38:56',1,'lisa.lharte.harte@gmail.com',540,960),(195,'Cakegasm',NULL,'2015-08-14 20:41:04','2015-08-14 20:41:04','20150814_174326.jpg','image/jpeg',2245443,'2015-08-14 20:41:02',1,'lisa.lharte.harte@gmail.com',1836,3264),(196,'Nanny phil',NULL,'2015-08-14 21:02:11','2015-08-14 21:02:11','IMG_20150807_113616.jpg','image/jpeg',170246,'2015-08-14 21:02:11',1,'lisa.lharte.harte@gmail.com',540,540),(197,'',NULL,'2015-08-14 21:07:00','2015-08-14 21:07:00','image.jpg','image/jpeg',1272205,'2015-08-14 21:06:58',1,'a.crowley92@gmail.com',2448,3264),(198,'',NULL,'2015-08-14 21:07:24','2015-08-14 21:07:24','image.jpg','image/jpeg',1030597,'2015-08-14 21:07:22',1,'a.crowley92@gmail.com',2448,3264),(199,'',NULL,'2015-08-14 21:09:58','2015-08-14 21:09:58','image.jpg','image/jpeg',66064,'2015-08-14 21:09:58',1,'bib@gmail.com',682,1024),(200,'',NULL,'2015-08-14 21:41:27','2015-08-14 21:41:27','image.jpg','image/jpeg',66064,'2015-08-14 21:41:27',1,'bib@gmail.com',682,1024),(201,'Falling over',NULL,'2015-08-14 21:49:30','2015-08-14 21:49:30','WP_20150814_005.jpg','image/jpeg',2994392,'2015-08-14 21:49:28',1,'johnharte61@gmail.com',3552,2000),(202,'',NULL,'2015-08-14 21:50:17','2015-08-14 21:50:17','WP_20150814_001.jpg','image/jpeg',2843534,'2015-08-14 21:50:15',1,'johnharte61@gmail.com',2000,3552),(203,'You can\'t take \'em anywhere',NULL,'2015-08-14 22:19:51','2015-08-14 22:19:51','image.jpg','image/jpeg',1426959,'2015-08-14 22:19:49',1,'newman_glen@hotmail.com',2448,3264),(204,'Ladykiller',NULL,'2015-08-14 22:41:50','2015-08-14 22:41:50','image.jpg','image/jpeg',1402006,'2015-08-14 22:41:48',1,'brendanpkeogh@eircom.net',2448,3264),(205,'Game over . 4.35 am ',NULL,'2015-08-15 03:35:43','2015-08-15 03:35:43','image.jpg','image/jpeg',1024687,'2015-08-15 03:35:41',1,'ciaranolearycork@gmail.com',2448,2448),(206,'',NULL,'2015-08-15 08:00:18','2015-08-15 08:00:18','20150814_214124.jpg','image/jpeg',2098459,'2015-08-15 08:00:17',1,'lisa.lharte.harte@gmail.com',1836,3264),(207,'',NULL,'2015-08-15 08:00:42','2015-08-15 08:00:42','1439559803029.jpg','image/jpeg',67128,'2015-08-15 08:00:42',1,'lisa.lharte.harte@gmail.com',540,960),(208,'',NULL,'2015-08-15 08:01:04','2015-08-15 08:01:04','Snapchat-1323403680634305225.jpg','image/jpeg',140896,'2015-08-15 08:01:04',1,'lisa.lharte.harte@gmail.com',540,960),(209,'',NULL,'2015-08-15 18:13:26','2015-08-15 18:13:26','image.jpg','image/jpeg',402590,'2015-08-15 18:13:25',1,'fionaom@gmail.com',1280,960);
/*!40000 ALTER TABLE `messages` ENABLE KEYS */;
UNLOCK TABLES;

--
-- Table structure for table `schema_migrations`
--

DROP TABLE IF EXISTS `schema_migrations`;
/*!40101 SET @saved_cs_client     = @@character_set_client */;
/*!40101 SET character_set_client = utf8 */;
CREATE TABLE `schema_migrations` (
  `version` varchar(255) COLLATE utf8_unicode_ci NOT NULL,
  UNIQUE KEY `unique_schema_migrations` (`version`)
) ENGINE=InnoDB DEFAULT CHARSET=utf8 COLLATE=utf8_unicode_ci;
/*!40101 SET character_set_client = @saved_cs_client */;

--
-- Dumping data for table `schema_migrations`
--

LOCK TABLES `schema_migrations` WRITE;
/*!40000 ALTER TABLE `schema_migrations` DISABLE KEYS */;
INSERT INTO `schema_migrations` VALUES ('20150323113126'),('20150323151153'),('20150323152111'),('20150323154157'),('20150323214928'),('20150323214937'),('20150323215129'),('20150323215457'),('20150330203109'),('20150712132837');
/*!40000 ALTER TABLE `schema_migrations` ENABLE KEYS */;
UNLOCK TABLES;

--
-- Table structure for table `user_events`
--

DROP TABLE IF EXISTS `user_events`;
/*!40101 SET @saved_cs_client     = @@character_set_client */;
/*!40101 SET character_set_client = utf8 */;
CREATE TABLE `user_events` (
  `id` int(11) NOT NULL AUTO_INCREMENT,
  `user_id` int(11) DEFAULT NULL,
  `event_id` int(11) DEFAULT NULL,
  `admin` tinyint(1) DEFAULT NULL,
  `created_at` datetime NOT NULL,
  `updated_at` datetime NOT NULL,
  PRIMARY KEY (`id`)
) ENGINE=InnoDB DEFAULT CHARSET=utf8 COLLATE=utf8_unicode_ci;
/*!40101 SET character_set_client = @saved_cs_client */;

--
-- Dumping data for table `user_events`
--

LOCK TABLES `user_events` WRITE;
/*!40000 ALTER TABLE `user_events` DISABLE KEYS */;
/*!40000 ALTER TABLE `user_events` ENABLE KEYS */;
UNLOCK TABLES;

--
-- Table structure for table `users`
--

DROP TABLE IF EXISTS `users`;
/*!40101 SET @saved_cs_client     = @@character_set_client */;
/*!40101 SET character_set_client = utf8 */;
CREATE TABLE `users` (
  `id` int(11) NOT NULL AUTO_INCREMENT,
  `created_at` datetime DEFAULT NULL,
  `updated_at` datetime DEFAULT NULL,
  `email` varchar(255) COLLATE utf8_unicode_ci NOT NULL DEFAULT '',
  `encrypted_password` varchar(255) COLLATE utf8_unicode_ci NOT NULL DEFAULT '',
  `reset_password_token` varchar(255) COLLATE utf8_unicode_ci DEFAULT NULL,
  `reset_password_sent_at` datetime DEFAULT NULL,
  `remember_created_at` datetime DEFAULT NULL,
  `sign_in_count` int(11) NOT NULL DEFAULT '0',
  `current_sign_in_at` datetime DEFAULT NULL,
  `last_sign_in_at` datetime DEFAULT NULL,
  `current_sign_in_ip` varchar(255) COLLATE utf8_unicode_ci DEFAULT NULL,
  `last_sign_in_ip` varchar(255) COLLATE utf8_unicode_ci DEFAULT NULL,
  `failed_attempts` int(11) NOT NULL DEFAULT '0',
  `unlock_token` varchar(255) COLLATE utf8_unicode_ci DEFAULT NULL,
  `locked_at` datetime DEFAULT NULL,
  PRIMARY KEY (`id`),
  UNIQUE KEY `index_users_on_email` (`email`),
  UNIQUE KEY `index_users_on_reset_password_token` (`reset_password_token`),
  UNIQUE KEY `index_users_on_unlock_token` (`unlock_token`)
) ENGINE=InnoDB AUTO_INCREMENT=3 DEFAULT CHARSET=utf8 COLLATE=utf8_unicode_ci;
/*!40101 SET character_set_client = @saved_cs_client */;

--
-- Dumping data for table `users`
--

LOCK TABLES `users` WRITE;
/*!40000 ALTER TABLE `users` DISABLE KEYS */;
INSERT INTO `users` VALUES (1,'2015-08-12 22:45:26','2016-08-20 15:55:08','fionaom@gmail.com','$2a$10$/PZcQg9ddXuEH6I5sUuNAupy18fZZBgz5Sxr1vs7ncnrysfqQir0a',NULL,NULL,NULL,8,'2016-08-20 15:55:08','2016-08-20 14:32:36','178.167.254.147','178.167.254.147',0,NULL,NULL),(2,'2015-08-12 22:45:50','2015-08-12 22:48:25','support@snappyguests.com','$2a$10$hgT/qSkp1qj.Rh3He4mhNeFxGMxkEs5HBNwke4YGRZZrgRqqcPvD2',NULL,NULL,NULL,2,'2015-08-12 22:48:25','2015-08-12 22:45:50','95.44.113.202','95.44.113.202',0,NULL,NULL);
/*!40000 ALTER TABLE `users` ENABLE KEYS */;
UNLOCK TABLES;
/*!40103 SET TIME_ZONE=@OLD_TIME_ZONE */;

/*!40101 SET SQL_MODE=@OLD_SQL_MODE */;
/*!40014 SET FOREIGN_KEY_CHECKS=@OLD_FOREIGN_KEY_CHECKS */;
/*!40014 SET UNIQUE_CHECKS=@OLD_UNIQUE_CHECKS */;
/*!40101 SET CHARACTER_SET_CLIENT=@OLD_CHARACTER_SET_CLIENT */;
/*!40101 SET CHARACTER_SET_RESULTS=@OLD_CHARACTER_SET_RESULTS */;
/*!40101 SET COLLATION_CONNECTION=@OLD_COLLATION_CONNECTION */;
/*!40111 SET SQL_NOTES=@OLD_SQL_NOTES */;

-- Dump completed on 2016-08-20 18:39:23
